Index,Eigenvalue,Eigenvector_0,Eigenvector_1,Eigenvector_2,Eigenvector_3,Eigenvector_4,Eigenvector_5,Eigenvector_6,Eigenvector_7,Eigenvector_8,Eigenvector_9,Eigenvector_10,Eigenvector_11,Eigenvector_12,Eigenvector_13,Eigenvector_14,Eigenvector_15,Eigenvector_16,Eigenvector_17,Eigenvector_18,Eigenvector_19,Eigenvector_20,Eigenvector_21,Eigenvector_22,Eigenvector_23,Eigenvector_24,Eigenvector_25,Eigenvector_26,Eigenvector_27,Eigenvector_28,Eigenvector_29,Eigenvector_30,Eigenvector_31,Eigenvector_32,Eigenvector_33,Eigenvector_34,Eigenvector_35,Eigenvector_36,Eigenvector_37,Eigenvector_38,Eigenvector_39,Eigenvector_40,Eigenvector_41
0,69.30586021777835,-0.1811402686300188,0.16573311340701932,-0.3071025348828035,-0.08872144475751993,-0.14738426552918957,-0.1492682096057644,-0.193858878546348,0.12382559774135313,0.04501205514584611,-0.05554557476669236,-0.09816607940649094,0.07740693769371294,-0.05418838837817459,-0.22672794442835414,0.11972282801242261,0.14787731420886754,0.17963749938753248,-0.14044048138139156,-0.17886512440158053,0.08759230331755867,-0.009429049371453975,0.01741537031712447,-0.16833232066933734,-0.07775739133475648,-0.07153311407331991,0.09365398855369343,0.1938425462867453,-0.11115618665194889,0.14605077564938448,0.1758321248686265,-0.01349642132249788,-0.01743274195624245,0.08220951296972182,-0.3515284107236658,0.21710591613126223,-0.16983287789544774,0.31171322665886003,-0.13364209647561237,0.030652063339435442,-0.11371843980242513,-0.013729959532899811,-0.22573880718664557
1,-70.20758965727514,0.05390149119357076,0.10921864406340889,-0.15233874712201415,-0.006120501677498374,0.29211307950430465,-0.02684488743746668,-0.22768769156510885,-0.12676639635825823,0.11299880334762716,-0.15271573144400283,0.3411048580497488,-0.00010738363448978778,0.21111121340138408,0.04340053490530595,0.04613057462924468,0.09602707745025586,0.10780324802667736,0.01771827093488206,-0.048832288553148966,0.12170397041543553,0.21266097532732384,0.21310506679786653,0.16347542057592343,0.06983762886252715,-0.058020122901105725,0.2319069520444792,-0.02211294902185168,-0.08892047724749344,0.06472393433025142,-0.05830468096300906,-0.13868941400407542,0.0005000716801829917,-0.06458749800636239,0.202508320795649,-0.1353097877957337,0.1154192864105429,0.09768185023700172,0.07302872810871126,-0.20071254757145668,-0.4016475635453328,0.24410488681021372,-0.033115755802373505
2,-65.90437568635555,0.07168969396270082,0.22799568677268522,0.0161720650914907,-0.28592774259942644,-0.09185863940699085,-0.12078302854367226,-0.1681857893434354,-0.22072833424858848,0.0077436983302517585,-0.14233614279736645,0.03780634242014692,-0.1926519438455864,-0.2531433999204836,0.42565528936787317,-0.06526781587643724,-0.027383938700910247,0.11771398484913757,0.15213673314918402,0.05338905125004816,-0.029017203112212384,-0.1304995745651225,-0.18601446103123864,0.15212379735614567,0.10506402780877719,-8.119362421017288e-05,-0.050396141276414716,0.25347734915347037,-0.20819670724054512,0.020201704024704996,0.08152585713435243,0.15692131301120574,0.04159339034112184,0.20072956042302098,-0.04184356763074469,0.1719053049944844,0.061457219851978405,-0.08062010453367674,0.1881636846291295,-0.2315358383246325,0.017166506551139646,-0.09007495331695531,0.04843130311124134
3,-64.62998100405478,0.2866142227159278,-0.03978926641884159,0.06044712656020787,0.163663588907651,-0.051137899627440093,0.08039956040479666,-0.2764198022385377,-0.24178996442309567,0.22819382472549518,0.1289513788702598,-0.04138449393064556,0.2152910525671513,-0.12903423460001456,0.10209544033715581,0.0299493279425433,0.2270460012567767,0.05261535941427667,-0.0317202465397057,0.0618984011558658,0.06645961017210487,-0.207881344699197,0.18788090650081607,-0.161169574032874,-0.09444092569537524,0.38552535998502424,-0.12347775542920017,-0.12714284794642586,0.06329203613084738,-0.1093764676266009,-0.1629630510675695,0.14147580548083896,-0.21208278076702106,-0.016026528186712588,-0.2147691138670938,0.059206195696465236,0.1342178766805225,0.11293144114478558,0.07436983351125465,-0.0148642978689134,0.02168852513100066,0.2099329120237411,-0.04064722840084502
4,63.35412417793095,-0.04534002872780617,0.1077749119565566,-0.09721985416493432,-0.1488433236355247,-0.09878557272167028,-0.1320554945984868,0.08880246294889153,-0.19267142397372766,0.2838008019519378,0.09852878787146045,-0.059583925516622,-0.2609203195690617,0.12580431305957715,0.06395225923859298,-0.03319618582753509,-0.20377682721329662,0.1659002938563198,-0.3598436955850298,0.15599635533790937,0.2113441318733933,0.08785944199164109,-0.143420158087528,0.027462290792636502,-0.16851262736317665,0.19610503504558052,-0.3043541971764648,-0.16603335237277436,0.22871609579219973,0.0053245258492642875,0.07625317902127732,-0.12360196040237811,0.2320817940054759,-0.19024911125267074,0.010178619919836839,-0.022908691454912516,-0.02817485907683329,-0.06633408580224004,-0.0038061334942020328,-0.008509094046096304,-0.14678247500345742,-0.029250741851827827,-0.15552680431798632
5,-58.6768757588918,-0.0767314498838598,0.17845291600735239,-0.05763234165070388,0.19218715292310057,0.031883177687797824,0.05779931033188485,0.19763479508998832,-0.19782524157787046,-0.10405971616192868,-0.27968312324005395,-0.1614128457799119,0.0684217770691896,0.1463530259951567,-0.012414705429906697,-0.11553801184623957,0.06062073436471203,-0.2504042174914302,0.04006840506493539,0.15996224704250506,0.22956714728972052,-0.08385155858414339,0.19088460840552496,0.12308970243601232,-0.11805617671345046,-0.060502002610627895,-0.1806241839288197,0.0071591069317902805,0.030394113266479682,-0.1358791941866318,-0.14751577936316104,-0.3348346359098619,0.013952129965280247,0.4056219272909283,-0.0610373884429041,0.14664506977805913,0.02862005184031765,0.17124469499403788,0.1320621605871561,-0.010020733871740338,-0.05057717177713565,-0.1874442951591087,-0.03145754840644383
6,55.434533698770814,-0.1375573405103286,-0.0027146536774953845,-0.00506762201080725,0.15335345232800907,-0.20339225036306932,0.03732906764282534,0.15905905212313295,-0.04015611594262832,0.0992256451903116,-0.02688067079996392,-0.1285181809205486,0.018138735996074424,-0.03591150776375258,-0.21174010346975727,0.2454349616505443,-0.19092339272053852,0.18810279884878078,-0.10936205958233755,-0.07463163242579145,-0.275922121272856,0.19493972616355368,0.023157174121874385,0.13053089539839938,-0.04153235963079051,-0.00519151211366468,0.09510422412785223,-0.26524271656059584,-0.07205113188169222,-0.12897421998400935,-0.08612616433609316,0.16932312122194917,0.10726658668326197,0.16199632119347393,-0.07546872663470493,0.1685220620509137,0.24774960783596253,0.07681898886515733,0.06997118580217569,-0.4340547590766841,-0.014911396914062614,0.05267994467311284,0.24190420627610748
7,-53.55813958903106,0.05382963893645118,-0.09983693543951003,-0.17532458562137573,-0.05180281845245022,-0.021433976677137874,0.2734738314394095,-0.028644637132142284,-0.23388132527519265,-0.26983427763589696,0.10684926707087392,0.16097563314024238,0.11450854870089745,0.24796834265161286,-0.046977402505781266,-0.002112547422973385,-0.2425444499272628,0.07447735735213604,0.1419057938124834,-0.0456699569697138,0.19497776118822102,-0.1417802639549514,-0.06552556140465858,0.019333324105959337,0.05146230330803612,-0.1592304608737231,-0.044521981911994246,-0.001409061918859219,0.14451530755986747,-0.15731175961533447,0.2689022301793654,0.06861208137587764,-0.17120260432513607,-0.2342169099209807,-0.3763609589465081,-0.03393424302394893,0.025512930584079975,-0.006302928121304757,0.04297576745983064,-0.1674879761497234,-0.10588632510765603,-0.1874188097493894,0.17343571621281637
8,-49.014816620103716,-0.1581643259974669,-0.0890692785706042,0.03877156112643113,-0.030853292432246552,-0.10537445391004147,0.11567088492350731,-0.062178067098521334,0.024552236222138018,-0.0020955013519819827,-0.13954908573369915,0.19142029935154017,-9.954187482118195e-05,0.1812732945581975,0.2565976127469677,-0.219718846174873,-0.10469673014793206,0.044491561060132245,-0.35118160641765994,0.04296713566154806,0.014008848253081234,-0.008488258272396753,0.02661856961294739,0.12502462081256138,-0.23830528777924134,-0.10133245844818925,-0.014368482749426084,0.04892378658280919,-0.11248976873730038,-0.08662603455429245,0.0028749382696616143,0.3093822629772927,-0.1753610135315153,0.12961882058980104,0.09175193098081036,0.05542351119531391,0.18384744638121145,0.22058386472310343,-0.3515474262267134,0.29727931018192566,0.017776629466594116,0.06482396307945114,0.1852047491530893
9,-47.14405848389605,-0.24950814355045417,-0.22522992873576525,-0.13163709364863774,-0.10077181519866547,0.05311051693592132,-0.13665635628158326,-0.05569689501240223,0.1973917669977863,-0.1976850300598703,-0.01998489817447952,-0.23181880105102937,-0.25280903121467946,0.09330734829681979,0.0956105060102635,-0.02479441096508354,0.1572899398696164,-0.0282921976781888,-0.16436074315854532,-0.03111325550960692,0.09867577879842723,-0.21116048845813615,0.19452225720530839,-0.07908880857890592,0.2772663652298976,0.1633235201796405,0.027922106035766933,0.05491530173781614,0.21731606975665646,0.18675588305820787,-0.065199274556296,0.04493129558347038,0.09320290714979339,-0.007426247793325296,-0.09898282007493259,-0.0758817167454463,0.34635083087695845,0.03175973871118275,0.20675685161329235,0.0007810598765525908,-0.07223232380354272,0.02423012911618904,0.2808865347216396
10,50.845668191810454,0.042573891374812455,0.3286773099939296,0.08357708494513484,-0.14808697865167642,0.1801796638707231,0.07962910043088249,-0.06840391442302213,0.027261315066847987,-0.03387713396303139,-0.03250749985149953,-0.4041680494995635,0.1628005079684444,0.07814163511616269,0.0803170083018397,0.05427607819584139,-0.1283900881136316,-0.20608151128439847,0.11877366137283461,0.0016244221244763389,-0.0065566059003275,-0.13928524640029993,-0.21396730059425714,0.07613891025189676,-0.10283661490953006,-0.20897964095592342,-0.06320322803875211,-0.2939347294643503,0.03307684656857797,0.37205577851634014,-0.08973220091737018,0.21633757420640187,0.027506670485189965,-0.09533024630355419,-0.04284150374154925,-0.13955228111469,0.03239705606921101,0.2019456777241042,-0.05739380005887535,-0.009057777702403387,-0.10867716267998105,0.19487004883926948,0.014353964467221468
11,48.41727388286611,-0.06044702297443708,-0.08233318359040344,-0.16653190583858268,0.014940101088899288,0.058533705641477196,0.2590108389201463,0.12591663262481712,-0.09896180348188566,-0.09210941576308183,-0.20381608190353925,-0.07703995065991785,-0.19711478085751788,-0.032865899685312026,0.12486315416054002,0.1854581200838826,-0.0015238742492559502,0.11604896460245885,-0.03827570367081816,0.32184640829833233,-0.23996741750367862,0.04603058494450977,0.05227359156256692,-0.26379410316678287,0.051451534811561145,-0.04828885779654251,0.10733463962662379,-0.18014222362747156,-0.07126330721697706,0.07391200578476415,-0.011765758166089895,0.17128703905734066,-0.27188229454267654,-0.1264860136130423,0.12746557580479165,0.111865345368336,-0.022890025566177852,0.06066131056882068,0.24903697358967136,0.16319288925630884,-0.139920628709807,-0.2081895899774829,-0.32496316876500964
12,45.57970671430864,-0.3397276899298945,-0.03742407824678433,-0.11657862592794423,0.46999842817949866,-0.04875820221322079,0.23962527045139953,-0.15335956748668783,-0.05800020816262005,0.06370200621344307,0.09935392345496484,-0.0018909894654895933,-0.08467091664013138,-0.07099625051468539,0.0035463161689869046,0.17751605235898588,0.09060873380376547,-0.01795884596876404,0.0205747726385727,-0.07920721805629485,0.2392511190646322,-0.026928880089556417,-0.23568407140272066,0.3294897977909427,0.07008071032570733,0.10480905871988828,-0.07229907374126184,0.06563466198983287,-0.17255404244498393,0.13698593522976643,-0.07570841164477439,0.196688170304565,0.04046405506170696,0.06790786148368946,-0.00935574984347374,-0.28227995184368837,-0.034243766724774846,-0.14658147891951756,0.020843160885424473,0.06538790951115425,-0.005324481431978666,-0.11437494402628433,-0.14884546454363928
13,-41.707857040479354,-0.08972666971782557,-0.02053771893310106,-0.025345123562178707,0.08066027000870728,0.30887918093242966,-0.2566907361284752,0.001407783852957216,0.08694562775232922,0.004976793748945486,-0.22673145430783626,0.20823143646801656,0.12586565230761063,0.02610467848392203,0.02530436992860161,0.2606532404833837,-0.03313751415599047,0.13267438587513505,0.22726588954331567,0.1262488293401105,0.06597401750872815,0.13966998527761,-0.2771241900642512,-0.11374201400518053,0.04305185965504427,-0.03818528206604674,-0.21858049716151307,0.07058032111820282,0.09123328352538225,-0.1523649303305808,-0.3118720813114933,0.08678674707950379,0.16581841962623164,-0.1447021968540926,-0.2080712115239721,0.1916194963908943,0.24564566558958642,0.0214626383899991,-0.07664299734635582,0.19641146072295043,0.09555110933689585,-0.022045489210417716,0.004310832728162689
14,-38.21398209435287,0.12382303523925658,0.09324730250706142,0.0979393743832288,0.20924185044768548,0.19294072472960297,-0.2350913588130426,-0.05815537825525586,-0.11153942459480323,-0.10367883221459977,0.050622667217383475,-0.012504605604953619,-0.0586104256488579,0.10578323301380652,-0.08032941666800238,0.011665497379291685,0.047180218382622006,-0.09544552364125539,-0.11395783609019382,0.1556606067713273,-0.009832960462391963,0.014977584199119995,0.10629351607831419,0.38989328141103574,-0.0018731750128449596,0.028640974285238863,0.340250133821183,-0.002728088063960263,0.31944194019830324,0.10012366320170965,0.2594767572134515,0.2613661726179784,0.03501771469244685,-0.03662988713036996,-0.06587422978215017,0.3339482901004154,0.004879259124852363,-0.08408293456820194,-0.00940700584811272,0.05514208299892174,0.2050903643496327,-0.04548663907869468,-0.17411983981696796
15,-37.776686417633684,0.09054048169000987,0.19218024039497883,-0.0667004498818758,-0.07292558320530917,0.23279131318344023,-0.021280109667934248,-0.10068935449565194,0.11303655820452427,-0.199574888099202,0.2905390899335042,-0.002263927477702125,-0.11150077216158498,-0.08346674072815753,-0.024559645570529146,0.2519628844194865,0.1336783881163022,0.09601745578122997,-0.2028160455563034,-0.19190614823147556,0.036932858112122116,-0.27328734009296285,0.015389345117330028,-0.006759738374481827,-0.2846283724520018,-0.18420818546644896,-0.04174722179070715,-0.12808963750472624,-0.05286493151084832,-0.16319466230547452,-0.15451032140325058,-0.08594080136059087,-0.13416743234104056,0.08468275312665392,0.16815515385330926,0.12626027365497797,0.1882717465972925,-0.3167896883471664,-0.11862427279762641,-0.025272902619183416,-0.10507642179832742,-0.23159457544633222,-0.007766622887900534
16,41.157229891373085,0.18612072712801725,-0.2568097099432803,-0.09641039518418262,0.17042515351359627,0.07397632571072323,-0.10849774947749947,-0.1343684107644737,0.09181923372821621,-0.10311110018049797,-0.04376232548386555,-0.09581650922168508,-0.049853490404855,-0.09390811272190194,0.21875127822580046,0.03919341834567249,-0.3021641360219537,0.10239320189020246,0.011595296865343706,-0.07172061748487159,0.163185154024567,0.1856554531948173,0.0709199155340795,-0.185976314551893,-0.4222435393590734,-0.17767680948826384,0.07377658167444819,0.0966583252769923,0.12950414521122078,0.09339337438593417,0.0526095775861593,-0.0007642095368650326,0.036373379334832784,0.2083555353781626,-0.01399711079088589,-0.2761527496031382,0.07283184179602391,0.05211795044084772,0.173089082313126,-0.15169703500338322,0.25200100743887655,0.03265289235914388,-0.1657618230239197
17,-33.164708675961826,0.03187696078618588,0.0340211523493296,0.08098744130320674,0.14442011356392448,0.04158579097576452,-0.13851172287156996,0.1288718355662491,0.10696911057109744,0.008851097673809018,0.11906764454741725,-0.13604392635805618,0.34824624119857056,0.1691852939439212,0.15015656624019363,-0.2848712808047524,0.007114324106628954,0.38866767863287877,0.007261294434166637,-0.14569528776678506,-0.09776999469687848,-0.01149740265108086,-0.17872956416038835,0.07547258231255127,-0.14714224967568026,0.14975157564953234,0.21245844733532204,0.047229365640973645,-0.04069194118678517,0.01992501195410238,-0.07906253798555302,-0.004768791088744699,0.03297017731409182,-0.011409346254909131,-0.0019251781231507284,0.006252994880507186,-0.07579224796584903,-0.0013383829370494866,0.3519567831386947,0.20654182763575726,-0.26911368528033025,-0.2434035985644272,0.10188457606891295
18,37.69016836841658,-0.03565341762473735,-0.16133945790610382,0.03684937034958269,0.03724895845851505,-0.2716514386815182,0.058842315421379576,-0.06066890765965829,0.1714873045007061,0.28122187316250385,-0.1802822846098476,0.10317721969078933,-0.017582291978933195,-0.04054288959118893,-0.06037535986952746,-0.24512060442889383,0.07395680833620145,-0.13431797194145795,0.07054846326148462,-0.24226504374076854,0.1203251243812814,-0.15568217499082088,-0.26948570411512207,0.04247627370999649,-0.02510044000671392,-0.2519040808073403,0.0627552952990302,-0.10060694762944307,0.253230374075927,0.04453517255040492,-0.06879497182592403,-0.07823735481314442,-0.16883579189540376,-0.15309266880393224,0.14160014899212753,0.2761593873787573,0.2586357601602339,-0.01816279512551484,0.17439996721588644,-0.12290466722608295,-0.01791824584410773,-0.003889214352624301,-0.23436019852071738
19,-27.850176723029385,-0.210550285636723,-0.03298106377876579,0.2932161361137103,0.16546523573069086,0.1548492398580414,-0.13237193900768732,0.18136482802373835,-0.08195944788017262,-0.05493971685090775,-0.06924042315656603,0.053321231883800724,-0.14093212087860535,-0.19823691530077386,-0.02056066043396849,-0.12764219461965023,-0.051545208228620604,0.23354229723140751,-0.005981866656929575,0.18439631160673012,0.2964441906969132,-0.31212387555963145,-0.16151959947701133,-0.19296903327260315,0.022874564201542612,-0.03179566994574904,0.32699505608218693,-0.24762632367163767,-0.1587418966612913,-0.01823423828267873,0.08941212311704379,-0.14389884949473677,-0.07527283759525881,0.03903807593808321,-0.12354297926382805,-0.03509970846325488,-0.059067055155182194,-0.007026510803525291,-0.14960537076349384,-0.09783415814385037,-0.02489090753599196,0.22160088142933942,0.02840901390755884
20,-24.509597777072287,-0.043628350451274236,-0.06277503331861405,-0.21472018219650696,-0.018804519246402866,-0.037435350579883064,0.0050369560340265416,0.26018682001633825,-0.02133656459421868,-0.15069565925348136,0.031009416021163663,0.17641648833353488,-0.14899329312730097,-0.14109307245230776,0.18478850124745952,0.04961030439166861,0.25931086617114485,-0.2201954536868088,0.3105048453973448,-0.13290192412147284,0.004602359699696219,0.04001567422739875,-0.11591087227095039,-0.017068969474893805,-0.4098119557228707,0.336209146210002,0.14585302788882035,-0.11878161154443975,0.13386281702648206,0.031956467307555324,0.06801133862051183,0.08486664130250109,0.13278340847043543,-0.06567804046232363,0.06614289745589526,0.07452553182270617,-0.06926223584672332,0.20709009069990789,-0.16441837565768064,-0.08957705326016559,-0.14290036301178752,-0.04755741416213065,0.12258418104131483
21,-23.73650763991459,0.027585029549773248,-0.05182509602745187,-0.12895164591298203,-0.02547394269118248,0.04938645215167887,0.01081593558782789,0.18257627126793452,0.18530925511209215,0.22157882404607912,0.14753740913616623,0.1275893718793992,0.06672743718705575,-0.06614227371887584,-0.13807974187131813,0.0658528771412481,0.11568251171525722,0.22945212964421632,0.04006319232578853,0.442924450215481,-0.029781887657500596,-0.34184524307120595,0.06093121165324886,0.20393075017532586,-0.11703715654469814,-0.1701596860755101,-0.09298040360059735,0.2545324326614671,0.13110282193880884,0.12734423159963237,-0.07789348928469511,0.05768287084850272,-0.03449558535183757,-0.05879320662158358,0.1639356892168618,-0.12072218748462692,-0.09730663411703512,0.26594379025523257,0.03192574799550971,-0.2200435589238581,0.10128042145138212,-0.06720647252842489,0.11585815147279332
22,-21.31609868758153,0.049464225192245304,-0.31664332140364937,0.18041091945567425,-0.20812195260154548,-0.15002162733537702,-0.15738329357272285,-0.27263882873607087,0.14409203822556113,-0.10339841986911397,-0.05228519388314575,0.08191178388281424,0.07611203450750818,-0.03505182880759895,-0.2309509666466546,0.2445207165594213,-0.23153147730230098,-0.0526733819621992,0.1295108099852821,0.181818923486581,0.21297921460036803,-0.03750764141289705,-0.022111346519893146,0.13429525309974172,-0.04192427148569947,0.16744814171250832,-0.06830747434343293,-0.17879427275279974,0.0067217248180623055,0.06057816267345332,0.027077875136387937,0.07465531012063739,-0.0639713411032708,0.28165535068277125,0.15717731090031242,0.11975735001856395,-0.18578115446111193,0.0010405792041634908,0.10669010613257009,0.12868283671368727,-0.31410889763021493,-0.056570947582702355,0.06345178011193157
23,-20.407631013250604,0.06556028908515338,-0.07306226578842104,-0.2854660650156003,-0.1813091765716974,-0.2707951906679588,-0.1168651637864974,0.24145323988886164,-0.1649739732591471,-0.37296217698438117,0.09672808781587942,0.06787821574672952,0.20450246216503046,-0.05892572874802273,-0.008312692535968868,-0.09665502597122654,0.024638560537153423,0.234321776803559,0.04802411001621913,-0.0034911843986958914,-0.00497355576213807,-0.03850358761540373,-0.005191854375367902,0.21293968852219222,0.15699056145893597,-0.015748298061756354,0.005499782395233855,-0.13147002208278294,0.07621194160186096,0.08678649314487363,-0.24776610984380712,0.004010971924504886,0.00389792863960899,0.15336573581581528,0.02362193556858448,-0.0978059560194953,0.12548069191573794,-0.08195063224065016,-0.11928257319649135,0.09161238468175018,0.0650822788344311,0.26966261889004517,-0.3440462860418746
24,-16.723798470355796,-0.1214717229323632,-0.09979697973127236,-0.2726069169302697,-0.16753596082206362,0.12170954155652285,-0.05297506148979434,-0.10629674669775666,0.21897818576483757,0.13497066244616293,-0.17539625643491186,0.12248040415312787,0.27409978144392994,0.05857705273645605,0.2042392234729364,0.013422549545238794,-0.07610681217160865,-0.25117994717471787,-0.21480023606254214,0.1377983598093885,-0.2052722791708898,-0.16023294926376996,-0.09659496206640683,0.13126004986852438,-0.02331218952668864,0.19207006203478993,0.19030797450339176,-0.23779409815162666,-0.08205163822694528,-0.08583995516601646,-0.03843465618951785,-0.16484308045822896,-0.03718810607709396,0.03392952440685567,-0.23986325363001398,-0.1330107978006045,-0.12570462696360926,-0.18397051250043184,-0.013669794410851433,-0.18049183478250147,0.17123486295788387,-0.11676372633234994,-0.08447750071664581
25,-13.299055754034816,-0.08247535886835484,-0.28145703629253316,-0.08468420128667634,-0.14956725532476733,0.2609893145280209,0.2046288729801476,-0.08142309057022261,-0.01466158423830796,0.19973156093264552,0.2003427461876121,-0.3223220744425017,-0.07677010166705864,0.03241614090287399,0.16348815573683328,-0.08673071186804061,0.02033911419650875,0.09180232958776749,0.1319618781044551,-0.04841373247378666,0.04907527623675401,0.04921537175790929,-0.03535063319404047,0.05253987540623016,0.1752968411557116,-0.13196700056805988,0.13361487670936234,0.010947133587566821,0.2070956331186518,-0.37250642975214865,-0.14807449838974757,0.09552170405681555,0.13237373097995564,0.21292365831024201,0.029054863819780098,0.16079561030507156,-0.26731045180138646,0.07049864994674447,-0.1820581689192197,-0.04919636959344842,-0.09139437891646375,0.07141043663070343,-0.10597157800662876
26,-10.123374172361641,0.13797734491262334,0.17288302108976622,-0.029296820979619168,0.07262495935649985,-0.051087621167796506,-0.2155726366656369,0.1828920486588348,0.2860994381089,0.2322459552837136,-0.047697606289365556,-0.050448201726019895,-0.2832668325675492,0.22897099973743232,0.08074247893382983,0.04276738126645055,-0.19236432828225397,0.10850918011935895,0.3401584603059726,-0.17037392900592066,0.018741708052394026,-0.09021299357712054,0.20320871710310237,0.10316789455330672,0.15077406361173434,0.17019651430864238,-0.04696939644448213,-0.10477276012891287,-0.01730758941580374,-0.08294395217740573,0.03657404832368692,0.07977701631794648,-0.3537091231945492,0.08731796862012221,-0.08806549430017765,-0.15782778917588103,0.053174457175749694,0.046270590400585565,-0.2034741202265752,0.02091248918849521,0.0017087593495271978,-0.13243099802428518,-0.131642426623199
27,33.348555365698374,-0.04194101201235079,-0.23987268832415695,-0.06280494948554308,0.163090454288325,0.08554479877036532,-0.17203289283793688,0.20243316143006454,-0.16162981441935426,0.1576677032107617,0.11698278201630594,0.17289901355952383,0.10763017706290262,0.04616955449271077,0.25298896452033615,0.0840549583989019,-0.1560602541353958,-0.09211835955937725,-0.038092353370384434,-0.26186669684565905,-0.013701961074626581,-0.2028975887334971,0.2802263303344223,-0.08248917232991834,0.09527668230608977,-0.19619106609670606,-0.213818904083718,-0.1037812422868654,-0.16241112401243735,0.34945546545127065,-0.03129494095191924,0.0700492623132015,0.12216726500727387,-0.0120291903169124,0.004002324740445479,0.29771108245808214,-0.230554999156962,-0.07378633951118715,0.006069729111035414,-0.013240635994108562,-0.0313901885759592,0.007378890163170418,0.03684731651134527
28,-4.511744133543444,0.1586951006369906,-0.11739266410725643,0.09315801255498257,0.0929737357745722,0.15876416432338158,-0.1310388241748411,0.05960237567910067,0.1732721158881643,-0.14190044278966008,-0.12587921605204277,0.07433089793434489,0.01107948312217577,-0.09097778854247476,-0.009592941891861897,-0.22529476475321944,0.38900216176856994,0.046047714570017204,-0.1857977648963774,-0.024180135805184858,-0.05059294209969922,0.16776080601383475,-0.09140903198190112,0.02872558746787389,0.12519203448849883,-0.1354933411811748,-0.41052699354232247,-0.24937751190102114,0.004916504489705349,-0.07537299713790475,0.22417242011145472,0.24296117459164965,-0.014030526550575762,0.12131655275911546,-0.10582232819076344,-0.15132183300626373,-0.10504177017057872,0.057074696162925063,0.0028001371667000074,-0.22846768490254918,-0.16246953932588876,-0.09269206827349369,-0.09128601730928713
29,-3.5824088962197846,-0.36439865869806903,-0.031694520333338666,0.09068442358614025,-0.1332294078568131,0.18560939504663446,-0.14773282481141942,-0.04295962554556113,-0.27715316758707426,0.03300400108772183,-0.12087510506849285,-0.042941103949997506,0.20583719498768843,-0.1694063956317358,-0.04891371328496337,0.11920354141225913,-0.03664737715697764,0.09294660520639339,0.05917224102799707,-0.28837616079536393,-0.15078187678389007,-0.18377805744458986,0.09276556013670513,0.09109156096826924,-0.009969456496534482,0.06329825226484018,-0.12710414116919308,-0.061715037387577054,0.14299458423092,-0.20784083232380857,0.32819758347411004,-0.039174401875258336,-0.04304642204137692,-0.047948464949773624,0.27999177077746545,-0.1929223536128417,0.0902318918857621,0.22098371138442813,0.08726151638696199,0.1030427309686399,0.14850217325623258,-0.06611914379251457,-0.10801271824122163
30,28.811830558085088,-0.15775451148170774,-0.16980849928160993,0.025663358440635553,-0.13632959350103296,-0.13066197786458233,-0.28203086198914584,-0.19852694957777417,-0.2488524686014995,0.04596142632475245,0.14826387665370738,-0.12628665973599013,-0.08104807503269987,0.3862143149985679,-0.04050030926808089,-0.058268911783319756,0.3395512599877929,0.05232710349247822,0.21651638162553938,0.1215478173892796,0.0339005424932134,0.15817816656671785,-0.023546851474903315,-0.036253262935460495,-0.14237038706746633,-0.1553002747897791,0.015558478715093783,-0.22436264797696526,-0.24906567955533937,0.06861826761847444,-0.08288030006393983,-0.024730997969372816,-0.11063117661512376,-0.06958942712488264,0.03382979625033263,-0.034165219890258065,-0.01559161705285122,-0.0031844463602232315,-0.0028919244256516833,-0.06981600639641482,0.2998501961700446,-0.17429463429905778,0.08085071620233379
31,28.53263018536538,0.2826599018064469,-0.11969506276251726,0.051315672243922444,-0.011711486099366876,0.0054062599551685546,0.1475555406217137,-0.06687808837577841,0.11536959158639253,-0.06669234002579646,0.09498626613732847,-0.035420497980564604,-0.004419488986554189,-0.1618321356533624,0.1096698660134233,0.0263469603888946,-0.0525696879903012,0.07410509979377802,-0.06720077942455331,-0.022761476666175267,0.17201447232993602,0.029063439866085578,0.028318790805896006,0.19899951598812554,0.2113456203515078,0.04752395918073797,0.06501660852353847,-0.21174406656544179,-0.2852408398202121,0.03264519660128989,0.03379693978059362,-0.2474779542224635,0.2666385192595131,-0.19464399116757097,0.03027944420548431,0.09829433975955097,0.18801168583486982,0.43566145217132113,-0.09454336423360908,0.06070195875443269,0.16959103761925942,-0.3078184498366642,-0.06316197697966762
32,27.22844060699227,-0.08188474945411049,0.07383989924013586,-0.04402632285055124,-0.067493303083341,0.14823385562165114,0.043870400542549245,-0.07184979328037161,-0.13563674538954285,0.0339770485394795,-0.12021039718064004,-0.016701617187632772,0.16057556591567426,-0.2521832440279258,-0.1547855414121996,-0.28626263185107365,-0.13588613413344158,0.0934410999699874,-0.010012442108249626,-0.03387641358299394,0.14811723716404487,0.2014485559730699,0.11530527455256036,-0.13707644623282297,0.09372945226016097,0.17225449924077563,0.03599729199298343,-0.007867909277587341,0.18311442522243446,0.31008912043526327,-0.23032055495579826,0.11473490071686519,-0.16167361613773912,0.011965011283116733,0.12124073352391077,0.014870248563769213,-0.006982972692093476,-0.10674552524571407,-0.29776381938597835,-0.19148002684047177,0.04973084646622652,-0.4151961454480046,0.10547704812504712
33,23.86845207675932,0.1726353834219944,-0.11947279079703331,0.0485090667506424,0.0521482167133723,-0.14569160410458828,0.12762377071356532,-0.04725012450855127,-0.03370484288345408,0.05616017780104775,-0.3948877535110968,-0.15736767634659948,0.12933634808590364,0.2225510733760371,-0.026611834769203927,0.07470796600153887,0.1405901050525924,0.17806930403267993,0.11578939661058454,0.04598416822761729,-0.04688417848833315,-0.2775506191190644,0.09853257490362624,-0.1230929319994355,-0.07361988004435148,0.014773499361187393,0.052110473726149326,0.05703324271210717,-0.024256669804525892,0.032470732418370035,0.17795159963153392,0.0762599940602909,0.4348054528738064,-0.0035959998865747606,0.1112083300819858,-0.07057449567174118,0.1170105690280391,-0.2834052622643898,-0.31270343157442354,-0.05505960492943154,-0.10172852194591997,-0.11050192218515176,-0.0891367120868351
34,19.402135235536488,-0.020082175103667544,0.1724378229998521,-0.3315857550775722,0.20924928458770864,0.10256596076376989,0.0803127139090347,-0.2691380198665288,0.15021893664473762,-0.18089572042351176,0.008780426433319376,0.07087317177777192,-0.09160736091145265,0.17495418366087423,-0.14578025610484224,-0.29267937433487673,-0.15807016184711467,0.13535930983272051,0.11513952904923216,0.014469224171203846,-0.08339058760010863,-0.16194820211533512,-0.09513850841385402,-0.1497859601871582,0.042279090770823514,0.19506034696662514,-0.18205039185059002,-0.17457276191162785,-0.07476536253158901,-0.03449922704875074,0.08754289796062986,0.033407487514700705,0.12614611067919326,0.057986637403264644,0.3015958913391783,0.2195327330939714,-0.11773396926228925,0.05267545273437657,0.09118766551898515,-0.05386938550153398,0.2384307434877692,0.1841479821194072,0.054031426981177647
35,3.9624678336314387,0.21000113551671717,0.09469981158279887,-0.10614754484655259,-0.21104157327141143,0.052276687696342646,0.013681004023384498,0.28583282451079906,-0.060533767193826644,0.14371982054516014,-0.08826555370905827,0.07322012317292503,0.06944867940902331,0.1497558774732317,-0.15907846868074596,0.1378685006728742,0.08146361949836786,-0.10744382964502475,-0.19775136596164553,-0.1723231958886685,0.4008808430070564,-0.049148943076962305,-0.14125159449478583,-0.18819017802124896,0.12198663761088886,0.047749836450142864,0.19252732248833102,-0.01623941529806966,-0.10901860469880274,-0.12410588435813874,-0.028115959832192495,0.35630015703755336,0.06643555400125298,0.13828470073256094,0.16263671038008587,-0.0887317440217661,-0.056494264295409186,0.04301495228587676,0.23430388977363686,0.04089660706319937,0.24193709669161972,-0.03799245978284135,0.05505316495470314
36,5.243762384287055,-0.2056903622728201,0.2651864419450956,0.13606795224608814,-0.11491257811821444,-0.1115401979278242,0.1576741149504418,-0.09854894949514953,0.121513765905963,0.11291615070872575,0.19347430129470883,0.35245447604736635,-0.01704137856806206,-0.07246412888103104,0.022089458837882946,-0.11848403281736575,0.027999956373098323,0.03296029649285567,0.1650802817665068,0.07417213055117669,-0.011508931973673921,0.00046217349862701275,0.29346183086715005,-0.13377987573475922,-0.02514446345352871,-0.16940518938837792,0.08654367984307103,-0.280982654691035,0.16039678576321248,-0.00783851185666708,-0.007727173472086897,0.14161317882531285,0.3485271598405259,0.1902478287823498,-0.1940133123625239,-0.12507461819353927,0.06034732923861139,-0.02081414982302699,0.161277229801997,0.16991237460915914,0.029847680957820946,-0.14682290153839486,-0.08119966837922905
37,14.967055226735999,-0.21814666073098757,0.0023164488871249434,0.046659509062535354,-0.18422301330842833,0.13315192062054854,0.21815912316841327,0.20435533537662257,0.27430276152089184,0.03213541200850278,0.10822438081413155,-0.11558685093142353,0.25878902441981977,0.015668497704438792,0.10792400600798217,0.0012815175139748388,0.07268433119052178,0.0795912783217107,0.1317337608841254,0.10955624714015286,0.2917515015882344,0.2230285252445741,0.1687261413340681,0.06073209304634636,-0.11087824108321304,0.14328571055448253,-0.1380005436056044,0.03863969675199129,-0.18849603626441228,0.06830438799884894,0.3064686226584513,0.021599915015086752,-0.10311592235222006,-0.03865842575911625,0.033382872149792915,0.23842281150711167,0.2013637901047092,-0.23162027172828314,0.06659557615129924,-0.105072916161765,0.08546297410250431,0.18152409494325214,-0.11419831536316435
38,8.227790403320345,-0.019349193870882308,-0.153145134705842,0.22786776344328763,-0.11200719160811777,0.23550329550155794,0.08418066225627342,0.06701105397460948,-0.10270337386777491,0.002289476669234867,0.2526406946103884,0.1618531916928045,-0.0774748243913738,0.26500454681782515,-0.19377272500436205,-0.08854448592075415,-0.09750782667589024,-0.12619526695415498,-0.016488573072157856,-0.02726036949869822,-0.22781016155853231,-0.09314886579351321,-0.19963927210052027,-0.13704614760499306,-0.029836276627072424,0.2142898411340341,-0.02903565403158383,0.21216037275818794,-0.11994026796563041,0.18586990831890315,-0.0195728338890544,0.00017522461262859486,0.04405362424444525,0.2656568920605817,-0.08155107066801133,-0.0014373181202903,0.2743141174809449,0.15774097126753886,-0.04197824874369235,-0.16258862312694952,-0.0704479464392833,-0.07812636128335032,-0.3409789059788206
39,10.366523272566894,-0.17058011434968556,0.05832887157929692,0.1784216038013998,0.005517233608318372,-0.12605587945053864,-0.16855463716837993,-0.035440537860238,0.10040940411474976,-0.2512228209706872,0.003868834361887173,-0.04268200753003198,0.033277138390613345,0.02903147659401273,0.007782393088648504,-0.10917344502997273,-0.1395278990147238,-0.15653058686017268,-0.04301609041306864,0.010076231173020728,0.11064601932668991,-0.08873870842377095,0.23796336716373603,-0.015728209879948385,-0.07671436652692237,0.05165659679565267,0.009004287437562595,0.1503437653381713,-0.17278523424221398,-0.2964445192820492,-0.28926798631890194,0.27538516778778177,0.11975714324560603,-0.38533648547436267,0.07032063094730998,-0.019554490990984455,-0.1297982732109945,0.08069029640457537,0.04228754705978768,-0.2870761904360609,-0.09139098473396197,-0.0373725836403563,-0.2902720278679266
40,12.632583180133915,0.10125379092686874,-0.1893077258709301,-0.1473301223550007,-0.1669277598316074,0.23940687423305457,0.055698832608560775,0.05457955120344373,-0.07552166276790771,0.11705045573235277,-0.18312181450482626,-0.06758242379228743,-0.2484417049668591,-0.20263108684056227,-0.3719981148282016,-0.27944917855076296,-0.056428050889838204,0.015656883975173626,0.09190826598771192,-0.10077122488080006,-0.05365812404730808,-0.06754042986058029,0.1585469221345832,0.2544419186860303,-0.2751066966281665,-0.008557103100355968,-0.04186234101588572,-0.021761975509232104,-0.2647517020749144,-0.012516514969025694,-0.09405857517681455,0.10302013921677215,0.07794670972937867,-0.13260790047188523,-0.2535167079603002,-0.020939176536435598,0.024768008894785934,-0.1278158229036301,0.13619205470386062,0.21633599467719075,-0.0060332514546521145,0.07419573121445273,0.030424999186807803
41,11.895627823033546,0.03302970414267576,-0.014993727792521954,-0.33926142181666974,0.14840887809884704,-0.0267920223211296,-0.2949579158185556,0.0018476197227313637,-0.059196738164966345,0.16814763538567779,0.25417506169494924,-0.11934132641584952,0.15569971237654995,-0.19127690300678982,-0.05941684455802221,-0.1721832421495578,-0.11769539451892909,-0.302066992437152,0.08390224332010153,0.25703619994166954,0.010123902490640053,0.018934328586771684,-0.03635822179911875,-0.14988421252081074,0.09246869023636782,-0.1337564812273187,0.07560390549014812,0.01579463544320319,-0.16739698094466407,-0.16297047763750924,0.22850686653709876,0.1113662832274564,0.042652143925844634,0.02431131897356776,0.12305932295670179,-0.06920333261333968,0.32928522078557027,-0.03154272317557867,-0.07561595758369957,0.09019950799564136,-0.25353811725448067,-0.06893296307811111,0.022271869379842525
